<?xml version="1.0" encoding="UTF-8"?>
<beans xmlns="http://www.springframework.org/schema/beans"
	xmlns:xsi="http://www.w3.org/2001/XMLSchema-instance"
	xmlns:tx="http://www.springframework.org/schema/tx"
	xmlns:aop="http://www.springframework.org/schema/aop"
	xsi:schemaLocation="
		http://www.springframework.org/schema/beans http://www.springframework.org/schema/beans/spring-beans-3.0.xsd
		http://www.springframework.org/schema/tx http://www.springframework.org/schema/tx/spring-tx-3.0.xsd
		http://www.springframework.org/schema/aop http://www.springframework.org/schema/aop/spring-aop-3.0.xsd">

	<bean id="dataSource" class="org.springframework.jdbc.datasource.DriverManagerDataSource">
        <property name="driverClassName"><value>com.mysql.jdbc.Driver</value></property>
        <property name="url"><value>jdbc:mysql://localhost/test</value></property>
        <property name="username"><value>root</value></property>
        <property name="password"><value>root</value></property>
    </bean>
    
     <!-- Hibernate SessionFactory -->
    <bean id="sessionFactory" class="org.springframework.orm.hibernate3.annotation.AnnotationSessionFactoryBean">
        <property name="dataSource"><ref local="dataSource"/></property>
         <property name="packagesToScan" value="com.loiane.model" />
        <property name="hibernateProperties">
        <props>
            <prop key="hibernate.dialect">org.hibernate.dialect.MySQLDialect</prop>
            <prop key="hibernate.show_sql">true</prop>
			<prop key="hibernate.hbm2ddl.auto">update</prop>
        </props>
        </property>
        <property name="eventListeners">
	   <map>
	     <entry key="post-insert">
	       <ref bean="auditEventListener" />
	     </entry>
	 
	     <entry key="post-update">
	       <ref bean="auditEventListener" />
	     </entry>
	     <entry key="post-delete">
	        <ref bean="auditEventListener" />
	     </entry>
	 
	     <entry key="pre-collection-update">
	        <ref bean="auditEventListener" />
	     </entry>
	 
	     <entry key="pre-collection-remove">
	       <ref bean="auditEventListener" />
	     </entry>
	 
	     <entry key="post-collection-recreate">
	        <ref bean="auditEventListener" />
	     </entry>
	 
	   </map>
	</property>
    </bean>
    
    <bean name="auditEventListener" class="org.hibernate.envers.event.AuditEventListener" />
	
	<!-- Transaction manager for a single Hibernate SessionFactory (alternative to JTA) -->
	<tx:annotation-driven/>
    <bean id="transactionManager" class="org.springframework.orm.hibernate3.HibernateTransactionManager">
        <property name="sessionFactory"><ref local="sessionFactory"/></property>
    </bean>
    

</beans>
